virus,sequencer,error tolerance,faulty cells,tp,fp,fn
influenza,illumina,0,0,1000,0,0
influenza,roche,0,0,892,0,108
influenza,pacbio,0,0,563,0,437
lassa,illumina,0,0,1000,0,0
lassa,roche,0,0,919,0,81
lassa,pacbio,0,0,605,0,395
measles,illumina,0,0,1000,0,0
measles,roche,0,0,926,0,74
measles,pacbio,0,0,598,0,402
sars-cov-2,illumina,0,0,1000,0,0
sars-cov-2,roche,0,0,908,0,92
sars-cov-2,pacbio,0,0,610,0,390
rotavirus,illumina,0,0,1000,0,0
rotavirus,roche,0,0,910,0,90
rotavirus,pacbio,0,0,587,0,413
influenza,illumina,1,0,1000,0,0
influenza,roche,1,0,902,0,98
influenza,pacbio,1,0,968,1,31
lassa,illumina,1,0,1000,0,0
lassa,roche,1,0,928,0,72
lassa,pacbio,1,0,977,0,23
measles,illumina,1,0,1000,0,0
measles,roche,1,0,931,0,69
measles,pacbio,1,0,977,1,22
sars-cov-2,illumina,1,0,1000,0,0
sars-cov-2,roche,1,0,908,0,92
sars-cov-2,pacbio,1,0,976,0,24
rotavirus,illumina,1,0,1000,0,0
rotavirus,roche,1,0,920,0,80
rotavirus,pacbio,1,0,971,0,29
influenza,illumina,2,0,1000,0,0
influenza,roche,2,0,903,14,97
influenza,pacbio,2,0,988,14,0
lassa,illumina,2,0,1000,0,0
lassa,roche,2,0,929,1,71
lassa,pacbio,2,0,993,12,0
measles,illumina,2,0,1000,0,0
measles,roche,2,0,934,7,66
measles,pacbio,2,0,994,6,0
sars-cov-2,illumina,2,0,1000,0,0
sars-cov-2,roche,2,0,908,0,92
sars-cov-2,pacbio,2,0,999,2,0
rotavirus,illumina,2,0,1000,0,0
rotavirus,roche,2,0,924,0,76
rotavirus,pacbio,2,0,994,8,0
influenza,illumina,3,0,1000,0,0
influenza,roche,3,0,903,34,97
influenza,pacbio,3,0,831,187,0
lassa,illumina,3,0,1000,0,0
lassa,roche,3,0,928,2,71
lassa,pacbio,3,0,691,339,0
measles,illumina,3,0,1000,0,0
measles,roche,3,0,934,39,66
measles,pacbio,3,0,918,87,0
sars-cov-2,illumina,3,0,1000,0,0
sars-cov-2,roche,3,0,908,150,92
sars-cov-2,pacbio,3,0,1000,0,0
rotavirus,illumina,3,0,1000,0,0
rotavirus,roche,3,0,924,12,76
rotavirus,pacbio,3,0,893,119,0
influenza,illumina,4,0,988,1152,0
influenza,roche,4,0,901,970,97
influenza,pacbio,4,0,605,1479,0
lassa,illumina,4,0,965,1929,0
lassa,roche,4,0,906,640,71
lassa,pacbio,4,0,337,1833,0
measles,illumina,4,0,997,418,0
measles,roche,4,0,934,1244,66
measles,pacbio,4,0,917,539,0
sars-cov-2,illumina,4,0,995,1283,0
sars-cov-2,roche,4,0,907,1445,92
sars-cov-2,pacbio,4,0,891,1144,0
rotavirus,illumina,4,0,990,1200,0
rotavirus,roche,4,0,923,2958,76
rotavirus,pacbio,4,0,651,1255,0
influenza,illumina,5,0,1000,3675,0
influenza,roche,5,0,904,3002,96
influenza,pacbio,5,0,983,3672,0
lassa,illumina,5,0,996,3910,0
lassa,roche,5,0,928,2812,71
lassa,pacbio,5,0,932,3868,0
measles,illumina,5,0,1000,3431,0
measles,roche,5,0,934,3198,66
measles,pacbio,5,0,1000,3400,0
sars-cov-2,illumina,5,0,1000,3768,0
sars-cov-2,roche,5,0,908,3236,92
sars-cov-2,pacbio,5,0,1000,3724,0
rotavirus,illumina,5,0,1000,3583,0
rotavirus,roche,5,0,924,3686,76
rotavirus,pacbio,5,0,989,3451,0
influenza,illumina,0,4096,1000,0,0
influenza,roche,0,4096,892,0,108
influenza,pacbio,0,4096,563,0,437
lassa,illumina,0,4096,1000,0,0
lassa,roche,0,4096,919,0,81
lassa,pacbio,0,4096,603,0,397
measles,illumina,0,4096,1000,0,0
measles,roche,0,4096,926,0,74
measles,pacbio,0,4096,597,0,403
sars-cov-2,illumina,0,4096,1000,0,0
sars-cov-2,roche,0,4096,908,0,92
sars-cov-2,pacbio,0,4096,608,0,392
rotavirus,illumina,0,4096,1000,0,0
rotavirus,roche,0,4096,909,0,91
rotavirus,pacbio,0,4096,586,0,414
influenza,illumina,1,4096,1000,0,0
influenza,roche,1,4096,902,0,98
influenza,pacbio,1,4096,968,1,31
lassa,illumina,1,4096,1000,0,0
lassa,roche,1,4096,928,0,72
lassa,pacbio,1,4096,977,0,23
measles,illumina,1,4096,1000,0,0
measles,roche,1,4096,931,0,69
measles,pacbio,1,4096,977,1,22
sars-cov-2,illumina,1,4096,1000,0,0
sars-cov-2,roche,1,4096,908,0,92
sars-cov-2,pacbio,1,4096,976,0,24
rotavirus,illumina,1,4096,1000,0,0
rotavirus,roche,1,4096,920,0,80
rotavirus,pacbio,1,4096,971,0,29
influenza,illumina,2,4096,1000,0,0
influenza,roche,2,4096,903,14,97
influenza,pacbio,2,4096,988,13,0
lassa,illumina,2,4096,1000,0,0
lassa,roche,2,4096,929,1,71
lassa,pacbio,2,4096,993,12,0
measles,illumina,2,4096,1000,0,0
measles,roche,2,4096,934,7,66
measles,pacbio,2,4096,995,5,0
sars-cov-2,illumina,2,4096,1000,0,0
sars-cov-2,roche,2,4096,908,0,92
sars-cov-2,pacbio,2,4096,999,2,0
rotavirus,illumina,2,4096,1000,0,0
rotavirus,roche,2,4096,924,0,76
rotavirus,pacbio,2,4096,993,9,0
influenza,illumina,3,4096,1000,0,0
influenza,roche,3,4096,903,34,97
influenza,pacbio,3,4096,831,186,0
lassa,illumina,3,4096,1000,0,0
lassa,roche,3,4096,928,2,71
lassa,pacbio,3,4096,691,340,0
measles,illumina,3,4096,1000,0,0
measles,roche,3,4096,934,39,66
measles,pacbio,3,4096,918,87,0
sars-cov-2,illumina,3,4096,1000,0,0
sars-cov-2,roche,3,4096,908,150,92
sars-cov-2,pacbio,3,4096,1000,0,0
rotavirus,illumina,3,4096,1000,0,0
rotavirus,roche,3,4096,924,12,76
rotavirus,pacbio,3,4096,894,120,0
influenza,illumina,4,4096,988,1152,0
influenza,roche,4,4096,901,970,97
influenza,pacbio,4,4096,605,1478,0
lassa,illumina,4,4096,965,1929,0
lassa,roche,4,4096,906,640,71
lassa,pacbio,4,4096,337,1831,0
measles,illumina,4,4096,997,418,0
measles,roche,4,4096,934,1244,66
measles,pacbio,4,4096,918,539,0
sars-cov-2,illumina,4,4096,995,1282,0
sars-cov-2,roche,4,4096,907,1445,92
sars-cov-2,pacbio,4,4096,892,1143,0
rotavirus,illumina,4,4096,990,1197,0
rotavirus,roche,4,4096,923,2958,76
rotavirus,pacbio,4,4096,651,1255,0
influenza,illumina,5,4096,1000,3675,0
influenza,roche,5,4096,904,3002,96
influenza,pacbio,5,4096,983,3672,0
lassa,illumina,5,4096,996,3910,0
lassa,roche,5,4096,928,2812,71
lassa,pacbio,5,4096,932,3868,0
measles,illumina,5,4096,1000,3431,0
measles,roche,5,4096,934,3198,66
measles,pacbio,5,4096,1000,3400,0
sars-cov-2,illumina,5,4096,1000,3768,0
sars-cov-2,roche,5,4096,908,3236,92
sars-cov-2,pacbio,5,4096,1000,3724,0
rotavirus,illumina,5,4096,1000,3583,0
rotavirus,roche,5,4096,924,3686,76
rotavirus,pacbio,5,4096,989,3451,0
influenza,illumina,0,8192,1000,0,0
influenza,roche,0,8192,892,0,108
influenza,pacbio,0,8192,558,0,442
lassa,illumina,0,8192,1000,0,0
lassa,roche,0,8192,919,0,81
lassa,pacbio,0,8192,603,0,397
measles,illumina,0,8192,1000,0,0
measles,roche,0,8192,926,0,74
measles,pacbio,0,8192,594,0,406
sars-cov-2,illumina,0,8192,1000,0,0
sars-cov-2,roche,0,8192,908,0,92
sars-cov-2,pacbio,0,8192,607,0,393
rotavirus,illumina,0,8192,1000,0,0
rotavirus,roche,0,8192,910,0,90
rotavirus,pacbio,0,8192,577,0,423
influenza,illumina,1,8192,1000,0,0
influenza,roche,1,8192,902,0,98
influenza,pacbio,1,8192,968,1,31
lassa,illumina,1,8192,1000,0,0
lassa,roche,1,8192,928,0,72
lassa,pacbio,1,8192,977,0,23
measles,illumina,1,8192,1000,0,0
measles,roche,1,8192,931,0,69
measles,pacbio,1,8192,977,1,22
sars-cov-2,illumina,1,8192,1000,0,0
sars-cov-2,roche,1,8192,908,0,92
sars-cov-2,pacbio,1,8192,976,0,24
rotavirus,illumina,1,8192,1000,0,0
rotavirus,roche,1,8192,920,0,80
rotavirus,pacbio,1,8192,970,0,30
influenza,illumina,2,8192,1000,0,0
influenza,roche,2,8192,903,14,97
influenza,pacbio,2,8192,988,12,0
lassa,illumina,2,8192,1000,0,0
lassa,roche,2,8192,929,1,71
lassa,pacbio,2,8192,994,9,0
measles,illumina,2,8192,1000,0,0
measles,roche,2,8192,934,7,66
measles,pacbio,2,8192,994,6,0
sars-cov-2,illumina,2,8192,1000,0,0
sars-cov-2,roche,2,8192,908,0,92
sars-cov-2,pacbio,2,8192,999,1,0
rotavirus,illumina,2,8192,1000,0,0
rotavirus,roche,2,8192,924,0,76
rotavirus,pacbio,2,8192,993,9,0
influenza,illumina,3,8192,1000,0,0
influenza,roche,3,8192,903,34,97
influenza,pacbio,3,8192,832,186,0
lassa,illumina,3,8192,1000,0,0
lassa,roche,3,8192,928,2,71
lassa,pacbio,3,8192,689,339,0
measles,illumina,3,8192,1000,0,0
measles,roche,3,8192,934,39,66
measles,pacbio,3,8192,918,88,0
sars-cov-2,illumina,3,8192,1000,0,0
sars-cov-2,roche,3,8192,908,150,92
sars-cov-2,pacbio,3,8192,1000,0,0
rotavirus,illumina,3,8192,1000,0,0
rotavirus,roche,3,8192,924,12,76
rotavirus,pacbio,3,8192,892,120,0
influenza,illumina,4,8192,988,1151,0
influenza,roche,4,8192,901,970,97
influenza,pacbio,4,8192,606,1480,0
lassa,illumina,4,8192,961,1923,0
lassa,roche,4,8192,906,641,71
lassa,pacbio,4,8192,335,1833,0
measles,illumina,4,8192,997,420,0
measles,roche,4,8192,934,1240,66
measles,pacbio,4,8192,916,540,0
sars-cov-2,illumina,4,8192,995,1282,0
sars-cov-2,roche,4,8192,907,1442,92
sars-cov-2,pacbio,4,8192,891,1137,0
rotavirus,illumina,4,8192,988,1201,0
rotavirus,roche,4,8192,923,2954,76
rotavirus,pacbio,4,8192,649,1254,0
influenza,illumina,5,8192,1000,3675,0
influenza,roche,5,8192,904,3002,96
influenza,pacbio,5,8192,983,3672,0
lassa,illumina,5,8192,996,3910,0
lassa,roche,5,8192,928,2812,71
lassa,pacbio,5,8192,932,3867,0
measles,illumina,5,8192,1000,3431,0
measles,roche,5,8192,934,3198,66
measles,pacbio,5,8192,1000,3399,0
sars-cov-2,illumina,5,8192,1000,3768,0
sars-cov-2,roche,5,8192,908,3236,92
sars-cov-2,pacbio,5,8192,1000,3724,0
rotavirus,illumina,5,8192,1000,3582,0
rotavirus,roche,5,8192,924,3686,76
rotavirus,pacbio,5,8192,989,3451,0
influenza,illumina,0,16384,1000,0,0
influenza,roche,0,16384,891,0,109
influenza,pacbio,0,16384,559,0,441
lassa,illumina,0,16384,1000,0,0
lassa,roche,0,16384,917,0,83
lassa,pacbio,0,16384,602,0,398
measles,illumina,0,16384,1000,0,0
measles,roche,0,16384,926,0,74
measles,pacbio,0,16384,592,0,408
sars-cov-2,illumina,0,16384,1000,0,0
sars-cov-2,roche,0,16384,908,0,92
sars-cov-2,pacbio,0,16384,601,0,399
rotavirus,illumina,0,16384,1000,0,0
rotavirus,roche,0,16384,910,0,90
rotavirus,pacbio,0,16384,577,0,423
influenza,illumina,1,16384,1000,0,0
influenza,roche,1,16384,902,0,98
influenza,pacbio,1,16384,968,1,31
lassa,illumina,1,16384,1000,0,0
lassa,roche,1,16384,928,0,72
lassa,pacbio,1,16384,976,0,24
measles,illumina,1,16384,1000,0,0
measles,roche,1,16384,931,0,69
measles,pacbio,1,16384,977,1,22
sars-cov-2,illumina,1,16384,1000,0,0
sars-cov-2,roche,1,16384,908,0,92
sars-cov-2,pacbio,1,16384,976,0,24
rotavirus,illumina,1,16384,1000,0,0
rotavirus,roche,1,16384,919,0,81
rotavirus,pacbio,1,16384,971,0,29
influenza,illumina,2,16384,1000,0,0
influenza,roche,2,16384,903,13,97
influenza,pacbio,2,16384,990,13,0
lassa,illumina,2,16384,1000,0,0
lassa,roche,2,16384,929,1,71
lassa,pacbio,2,16384,994,11,0
measles,illumina,2,16384,1000,0,0
measles,roche,2,16384,934,4,66
measles,pacbio,2,16384,994,7,0
sars-cov-2,illumina,2,16384,1000,0,0
sars-cov-2,roche,2,16384,908,0,92
sars-cov-2,pacbio,2,16384,999,3,0
rotavirus,illumina,2,16384,1000,0,0
rotavirus,roche,2,16384,924,0,76
rotavirus,pacbio,2,16384,993,7,0
influenza,illumina,3,16384,1000,0,0
influenza,roche,3,16384,902,38,97
influenza,pacbio,3,16384,830,186,0
lassa,illumina,3,16384,1000,0,0
lassa,roche,3,16384,928,2,71
lassa,pacbio,3,16384,691,338,0
measles,illumina,3,16384,1000,0,0
measles,roche,3,16384,934,39,66
measles,pacbio,3,16384,918,88,0
sars-cov-2,illumina,3,16384,1000,0,0
sars-cov-2,roche,3,16384,908,149,92
sars-cov-2,pacbio,3,16384,1000,0,0
rotavirus,illumina,3,16384,1000,0,0
rotavirus,roche,3,16384,924,12,76
rotavirus,pacbio,3,16384,893,118,0
influenza,illumina,4,16384,988,1137,0
influenza,roche,4,16384,900,874,97
influenza,pacbio,4,16384,602,1462,0
lassa,illumina,4,16384,956,1897,0
lassa,roche,4,16384,906,639,71
lassa,pacbio,4,16384,334,1811,0
measles,illumina,4,16384,997,407,0
measles,roche,4,16384,934,1242,66
measles,pacbio,4,16384,916,529,0
sars-cov-2,illumina,4,16384,995,1254,0
sars-cov-2,roche,4,16384,907,1417,92
sars-cov-2,pacbio,4,16384,891,1126,0
rotavirus,illumina,4,16384,988,1190,0
rotavirus,roche,4,16384,923,2959,76
rotavirus,pacbio,4,16384,645,1243,0
influenza,illumina,5,16384,1000,3675,0
influenza,roche,5,16384,904,3002,96
influenza,pacbio,5,16384,983,3671,0
lassa,illumina,5,16384,996,3910,0
lassa,roche,5,16384,928,2812,71
lassa,pacbio,5,16384,932,3868,0
measles,illumina,5,16384,1000,3431,0
measles,roche,5,16384,934,3198,66
measles,pacbio,5,16384,1000,3399,0
sars-cov-2,illumina,5,16384,1000,3767,0
sars-cov-2,roche,5,16384,908,3236,92
sars-cov-2,pacbio,5,16384,1000,3722,0
rotavirus,illumina,5,16384,1000,3583,0
rotavirus,roche,5,16384,924,3686,76
rotavirus,pacbio,5,16384,989,3451,0
influenza,illumina,0,32768,1000,0,0
influenza,roche,0,32768,890,0,110
influenza,pacbio,0,32768,548,0,452
lassa,illumina,0,32768,1000,0,0
lassa,roche,0,32768,917,0,83
lassa,pacbio,0,32768,586,0,414
measles,illumina,0,32768,1000,0,0
measles,roche,0,32768,925,0,75
measles,pacbio,0,32768,589,0,411
sars-cov-2,illumina,0,32768,1000,0,0
sars-cov-2,roche,0,32768,906,0,94
sars-cov-2,pacbio,0,32768,587,0,413
rotavirus,illumina,0,32768,1000,0,0
rotavirus,roche,0,32768,909,0,91
rotavirus,pacbio,0,32768,565,0,435
influenza,illumina,1,32768,1000,0,0
influenza,roche,1,32768,901,0,99
influenza,pacbio,1,32768,967,1,32
lassa,illumina,1,32768,1000,0,0
lassa,roche,1,32768,928,0,72
lassa,pacbio,1,32768,976,0,24
measles,illumina,1,32768,1000,0,0
measles,roche,1,32768,931,0,69
measles,pacbio,1,32768,975,1,24
sars-cov-2,illumina,1,32768,1000,0,0
sars-cov-2,roche,1,32768,908,0,92
sars-cov-2,pacbio,1,32768,976,0,24
rotavirus,illumina,1,32768,1000,0,0
rotavirus,roche,1,32768,920,0,80
rotavirus,pacbio,1,32768,968,0,32
influenza,illumina,2,32768,1000,0,0
influenza,roche,2,32768,903,7,97
influenza,pacbio,2,32768,987,15,0
lassa,illumina,2,32768,1000,0,0
lassa,roche,2,32768,929,0,71
lassa,pacbio,2,32768,995,8,0
measles,illumina,2,32768,1000,0,0
measles,roche,2,32768,934,4,66
measles,pacbio,2,32768,994,10,0
sars-cov-2,illumina,2,32768,1000,0,0
sars-cov-2,roche,2,32768,908,0,92
sars-cov-2,pacbio,2,32768,997,5,0
rotavirus,illumina,2,32768,1000,0,0
rotavirus,roche,2,32768,924,0,76
rotavirus,pacbio,2,32768,992,8,0
influenza,illumina,3,32768,1000,0,0
influenza,roche,3,32768,903,34,97
influenza,pacbio,3,32768,832,184,0
lassa,illumina,3,32768,1000,0,0
lassa,roche,3,32768,928,2,71
lassa,pacbio,3,32768,686,343,0
measles,illumina,3,32768,1000,0,0
measles,roche,3,32768,934,38,66
measles,pacbio,3,32768,916,92,0
sars-cov-2,illumina,3,32768,1000,0,0
sars-cov-2,roche,3,32768,908,93,92
sars-cov-2,pacbio,3,32768,1000,1,0
rotavirus,illumina,3,32768,1000,0,0
rotavirus,roche,3,32768,924,13,76
rotavirus,pacbio,3,32768,886,124,0
influenza,illumina,4,32768,949,1089,0
influenza,roche,4,32768,901,950,97
influenza,pacbio,4,32768,602,1409,0
lassa,illumina,4,32768,941,1831,0
lassa,roche,4,32768,899,618,71
lassa,pacbio,4,32768,317,1755,0
measles,illumina,4,32768,990,388,0
measles,roche,4,32768,897,1271,66
measles,pacbio,4,32768,902,510,0
sars-cov-2,illumina,4,32768,992,1177,0
sars-cov-2,roche,4,32768,907,1437,92
sars-cov-2,pacbio,4,32768,885,1077,0
rotavirus,illumina,4,32768,968,1104,0
rotavirus,roche,4,32768,916,2943,76
rotavirus,pacbio,4,32768,619,1207,0
influenza,illumina,5,32768,1000,3655,0
influenza,roche,5,32768,904,2998,96
influenza,pacbio,5,32768,978,3662,0
lassa,illumina,5,32768,995,3907,0
lassa,roche,5,32768,928,2811,71
lassa,pacbio,5,32768,928,3862,0
measles,illumina,5,32768,1000,3416,0
measles,roche,5,32768,934,3195,66
measles,pacbio,5,32768,998,3378,0
sars-cov-2,illumina,5,32768,1000,3740,0
sars-cov-2,roche,5,32768,908,3235,92
sars-cov-2,pacbio,5,32768,1000,3706,0
rotavirus,illumina,5,32768,1000,3570,0
rotavirus,roche,5,32768,924,3681,76
rotavirus,pacbio,5,32768,989,3438,0
influenza,illumina,0,65536,1000,0,0
influenza,roche,0,65536,889,0,111
influenza,pacbio,0,65536,513,0,487
lassa,illumina,0,65536,1000,0,0
lassa,roche,0,65536,905,0,95
lassa,pacbio,0,65536,558,0,442
measles,illumina,0,65536,1000,0,0
measles,roche,0,65536,912,0,88
measles,pacbio,0,65536,547,0,453
sars-cov-2,illumina,0,65536,1000,0,0
sars-cov-2,roche,0,65536,903,0,97
sars-cov-2,pacbio,0,65536,532,0,468
rotavirus,illumina,0,65536,1000,0,0
rotavirus,roche,0,65536,891,0,109
rotavirus,pacbio,0,65536,513,0,487
influenza,illumina,1,65536,1000,0,0
influenza,roche,1,65536,901,0,99
influenza,pacbio,1,65536,962,1,37
lassa,illumina,1,65536,1000,0,0
lassa,roche,1,65536,928,0,72
lassa,pacbio,1,65536,969,0,31
measles,illumina,1,65536,1000,0,0
measles,roche,1,65536,908,0,92
measles,pacbio,1,65536,970,1,29
sars-cov-2,illumina,1,65536,1000,0,0
sars-cov-2,roche,1,65536,908,0,92
sars-cov-2,pacbio,1,65536,962,0,38
rotavirus,illumina,1,65536,1000,0,0
rotavirus,roche,1,65536,918,0,82
rotavirus,pacbio,1,65536,957,1,43
influenza,illumina,2,65536,1000,0,0
influenza,roche,2,65536,903,5,97
influenza,pacbio,2,65536,994,14,0
lassa,illumina,2,65536,1000,0,0
lassa,roche,2,65536,928,0,72
lassa,pacbio,2,65536,994,10,0
measles,illumina,2,65536,1000,0,0
measles,roche,2,65536,926,7,71
measles,pacbio,2,65536,994,10,0
sars-cov-2,illumina,2,65536,1000,0,0
sars-cov-2,roche,2,65536,908,0,92
sars-cov-2,pacbio,2,65536,997,5,0
rotavirus,illumina,2,65536,1000,0,0
rotavirus,roche,2,65536,923,0,77
rotavirus,pacbio,2,65536,988,15,0
influenza,illumina,3,65536,1000,0,0
influenza,roche,3,65536,903,35,97
influenza,pacbio,3,65536,836,190,0
lassa,illumina,3,65536,998,2,0
lassa,roche,3,65536,928,6,71
lassa,pacbio,3,65536,712,325,0
measles,illumina,3,65536,1000,0,0
measles,roche,3,65536,925,44,66
measles,pacbio,3,65536,898,113,0
sars-cov-2,illumina,3,65536,1000,0,0
sars-cov-2,roche,3,65536,908,67,92
sars-cov-2,pacbio,3,65536,1000,0,0
rotavirus,illumina,3,65536,999,1,0
rotavirus,roche,3,65536,907,33,78
rotavirus,pacbio,3,65536,826,199,0
influenza,illumina,4,65536,874,735,0
influenza,roche,4,65536,858,828,97
influenza,pacbio,4,65536,497,1097,0
lassa,illumina,4,65536,712,1290,0
lassa,roche,4,65536,449,888,71
lassa,pacbio,4,65536,245,1375,0
measles,illumina,4,65536,966,217,0
measles,roche,4,65536,919,843,66
measles,pacbio,4,65536,897,322,0
sars-cov-2,illumina,4,65536,958,655,0
sars-cov-2,roche,4,65536,845,1210,92
sars-cov-2,pacbio,4,65536,810,709,0
rotavirus,illumina,4,65536,729,865,0
rotavirus,roche,4,65536,463,2532,76
rotavirus,pacbio,4,65536,486,1056,0
influenza,illumina,5,65536,997,3348,0
influenza,roche,5,65536,904,2890,96
influenza,pacbio,5,65536,947,3187,0
lassa,illumina,5,65536,979,3646,0
lassa,roche,5,65536,908,2786,71
lassa,pacbio,5,65536,860,3546,0
measles,illumina,5,65536,997,2783,0
measles,roche,5,65536,934,2777,66
measles,pacbio,5,65536,990,2731,0
sars-cov-2,illumina,5,65536,993,3447,0
sars-cov-2,roche,5,65536,908,2994,92
sars-cov-2,pacbio,5,65536,991,3347,0
rotavirus,illumina,5,65536,988,3341,0
rotavirus,roche,5,65536,919,3531,76
rotavirus,pacbio,5,65536,891,3250,0
influenza,illumina,0,131072,869,0,131
influenza,roche,0,131072,882,0,118
influenza,pacbio,0,131072,149,0,851
lassa,illumina,0,131072,887,0,113
lassa,roche,0,131072,855,0,145
lassa,pacbio,0,131072,139,0,861
measles,illumina,0,131072,727,0,273
measles,roche,0,131072,769,0,231
measles,pacbio,0,131072,124,0,876
sars-cov-2,illumina,0,131072,541,0,459
sars-cov-2,roche,0,131072,535,0,465
sars-cov-2,pacbio,0,131072,70,0,930
rotavirus,illumina,0,131072,213,0,787
rotavirus,roche,0,131072,553,0,447
rotavirus,pacbio,0,131072,26,0,974
influenza,illumina,1,131072,962,0,38
influenza,roche,1,131072,899,0,101
influenza,pacbio,1,131072,616,0,384
lassa,illumina,1,131072,946,0,54
lassa,roche,1,131072,783,0,217
lassa,pacbio,1,131072,623,0,377
measles,illumina,1,131072,856,0,144
measles,roche,1,131072,903,0,97
measles,pacbio,1,131072,487,1,512
sars-cov-2,illumina,1,131072,680,0,320
sars-cov-2,roche,1,131072,596,0,404
sars-cov-2,pacbio,1,131072,321,0,679
rotavirus,illumina,1,131072,389,0,611
rotavirus,roche,1,131072,563,0,437
rotavirus,pacbio,1,131072,238,0,762
influenza,illumina,2,131072,971,31,13
influenza,roche,2,131072,900,1,100
influenza,pacbio,2,131072,817,178,85
lassa,illumina,2,131072,965,51,11
lassa,roche,2,131072,747,17,248
lassa,pacbio,2,131072,863,130,72
measles,illumina,2,131072,895,86,63
measles,roche,2,131072,912,13,84
measles,pacbio,2,131072,728,192,154
sars-cov-2,illumina,2,131072,789,176,125
sars-cov-2,roche,2,131072,907,0,93
sars-cov-2,pacbio,2,131072,582,359,205
rotavirus,illumina,2,131072,550,415,202
rotavirus,roche,2,131072,652,213,248
rotavirus,pacbio,2,131072,353,477,325
influenza,illumina,3,131072,970,50,0
influenza,roche,3,131072,901,13,97
influenza,pacbio,3,131072,863,212,0
lassa,illumina,3,131072,910,125,0
lassa,roche,3,131072,864,67,109
lassa,pacbio,3,131072,741,344,0
measles,illumina,3,131072,757,335,0
measles,roche,3,131072,887,51,82
measles,pacbio,3,131072,602,529,0
sars-cov-2,illumina,3,131072,705,389,0
sars-cov-2,roche,3,131072,691,156,221
sars-cov-2,pacbio,3,131072,577,567,0
rotavirus,illumina,3,131072,154,1047,0
rotavirus,roche,3,131072,12,1045,101
rotavirus,pacbio,3,131072,99,1107,0
influenza,illumina,4,131072,921,115,0
influenza,roche,4,131072,900,33,97
influenza,pacbio,4,131072,928,98,0
lassa,illumina,4,131072,470,588,0
lassa,roche,4,131072,335,677,76
lassa,pacbio,4,131072,351,712,0
measles,illumina,4,131072,541,509,0
measles,roche,4,131072,294,742,66
measles,pacbio,4,131072,397,658,0
sars-cov-2,illumina,4,131072,500,558,0
sars-cov-2,roche,4,131072,388,627,92
sars-cov-2,pacbio,4,131072,391,674,0
rotavirus,illumina,4,131072,0,1053,0
rotavirus,roche,4,131072,1,1053,77
rotavirus,pacbio,4,131072,0,1063,0
influenza,illumina,5,131072,828,253,0
influenza,roche,5,131072,766,440,96
influenza,pacbio,5,131072,801,297,0
lassa,illumina,5,131072,220,928,0
lassa,roche,5,131072,156,952,71
lassa,pacbio,5,131072,166,969,0
measles,illumina,5,131072,519,589,0
measles,roche,5,131072,524,701,66
measles,pacbio,5,131072,509,598,0
sars-cov-2,illumina,5,131072,312,848,0
sars-cov-2,roche,5,131072,174,1293,92
sars-cov-2,pacbio,5,131072,239,916,0
rotavirus,illumina,5,131072,0,1107,0
rotavirus,roche,5,131072,0,1180,76
rotavirus,pacbio,5,131072,0,1122,0
influenza,illumina,0,262144,0,0,1000
influenza,roche,0,262144,0,0,1000
influenza,pacbio,0,262144,0,0,1000
lassa,illumina,0,262144,0,0,1000
lassa,roche,0,262144,0,0,1000
lassa,pacbio,0,262144,0,0,1000
measles,illumina,0,262144,0,0,1000
measles,roche,0,262144,0,0,1000
measles,pacbio,0,262144,0,0,1000
sars-cov-2,illumina,0,262144,0,0,1000
sars-cov-2,roche,0,262144,0,0,1000
sars-cov-2,pacbio,0,262144,0,0,1000
rotavirus,illumina,0,262144,0,0,1000
rotavirus,roche,0,262144,0,0,1000
rotavirus,pacbio,0,262144,0,0,1000
influenza,illumina,1,262144,0,0,1000
influenza,roche,1,262144,117,0,883
influenza,pacbio,1,262144,2,0,998
lassa,illumina,1,262144,0,0,1000
lassa,roche,1,262144,0,0,1000
lassa,pacbio,1,262144,0,0,1000
measles,illumina,1,262144,1,0,999
measles,roche,1,262144,0,0,1000
measles,pacbio,1,262144,0,0,1000
sars-cov-2,illumina,1,262144,0,0,1000
sars-cov-2,roche,1,262144,0,0,1000
sars-cov-2,pacbio,1,262144,1,0,999
rotavirus,illumina,1,262144,0,0,1000
rotavirus,roche,1,262144,0,0,1000
rotavirus,pacbio,1,262144,1,0,999
influenza,illumina,2,262144,0,3,997
influenza,roche,2,262144,0,0,1000
influenza,pacbio,2,262144,0,0,1000
lassa,illumina,2,262144,1,0,999
lassa,roche,2,262144,0,0,1000
lassa,pacbio,2,262144,0,0,1000
measles,illumina,2,262144,4,0,996
measles,roche,2,262144,0,0,1000
measles,pacbio,2,262144,2,0,998
sars-cov-2,illumina,2,262144,0,0,1000
sars-cov-2,roche,2,262144,0,0,1000
sars-cov-2,pacbio,2,262144,1,1,998
rotavirus,illumina,2,262144,0,0,1000
rotavirus,roche,2,262144,0,0,1000
rotavirus,pacbio,2,262144,1,2,997
influenza,illumina,3,262144,0,0,1000
influenza,roche,3,262144,0,0,1000
influenza,pacbio,3,262144,1,0,999
lassa,illumina,3,262144,0,1,999
lassa,roche,3,262144,0,0,1000
lassa,pacbio,3,262144,0,1,999
measles,illumina,3,262144,0,1,999
measles,roche,3,262144,0,0,1000
measles,pacbio,3,262144,0,1,999
sars-cov-2,illumina,3,262144,2,1,997
sars-cov-2,roche,3,262144,0,0,1000
sars-cov-2,pacbio,3,262144,1,2,997
rotavirus,illumina,3,262144,0,0,1000
rotavirus,roche,3,262144,0,0,1000
rotavirus,pacbio,3,262144,2,0,998
influenza,illumina,4,262144,65,56,883
influenza,roche,4,262144,214,0,786
influenza,pacbio,4,262144,21,76,908
lassa,illumina,4,262144,23,28,951
lassa,roche,4,262144,0,11,989
lassa,pacbio,4,262144,34,37,931
measles,illumina,4,262144,2,65,934
measles,roche,4,262144,0,1,999
measles,pacbio,4,262144,1,83,918
sars-cov-2,illumina,4,262144,28,34,939
sars-cov-2,roche,4,262144,0,0,1000
sars-cov-2,pacbio,4,262144,15,38,947
rotavirus,illumina,4,262144,0,31,969
rotavirus,roche,4,262144,0,54,946
rotavirus,pacbio,4,262144,0,39,961
influenza,illumina,5,262144,108,65,832
influenza,roche,5,262144,662,157,295
influenza,pacbio,5,262144,113,60,831
lassa,illumina,5,262144,0,167,839
lassa,roche,5,262144,0,346,682
lassa,pacbio,5,262144,0,143,859
measles,illumina,5,262144,31,148,826
measles,roche,5,262144,16,1,983
measles,pacbio,5,262144,33,135,840
sars-cov-2,illumina,5,262144,39,124,842
sars-cov-2,roche,5,262144,0,0,1000
sars-cov-2,pacbio,5,262144,45,130,833
rotavirus,illumina,5,262144,0,93,910
rotavirus,roche,5,262144,0,73,928
rotavirus,pacbio,5,262144,0,102,904
